{"cameraMode":{"drawMode":0,"name":"Shaded","section":"Shading Mode"},"sceneLighting":true,"audioPlay":false,"sceneViewState":{"m_AlwaysRefresh":false,"showFog":true,"showSkybox":true,"showFlares":true,"showImageEffects":true,"showParticleSystems":true,"showVisualEffectGraphs":true,"m_FxEnabled":true},"in2DMode":false,"pivot":{"x":0.20611810684204102,"y":-2.9195098876953127,"z":0.5801458358764648},"rotation":{"x":-0.09772380441427231,"y":0.9021967053413391,"z":-0.30329984426498415,"w":-0.29068946838378909},"size":11.062957763671875,"orthographic":false}